"","Province","FacilityType","Role","V1","Source"
"1","bandundu","cs","administrateur",0,"Salaire"
"2","bandundu","cs","autre",0.141304347826087,"Salaire"
"3","bandundu","cs","infirmier",0.123839009287926,"Salaire"
"4","bandundu","cs","labo",0.19047619047619,"Salaire"
"5","bandundu","cs","medecin",0.25,"Salaire"
"6","bandundu","cs","pharmacien",0,"Salaire"
"7","bandundu","ecz","administrateur_gestionnaire",0.153846153846154,"Salaire"
"8","bandundu","ecz","autre",0.2,"Salaire"
"9","bandundu","ecz","infirmier_superviseur",0.266666666666667,"Salaire"
"10","bandundu","ecz","medecin_chef_zone",0.75,"Salaire"
"11","bandundu","hgr","administrateur",0.25,"Salaire"
"12","bandundu","hgr","autre",0.25,"Salaire"
"13","bandundu","hgr","infirmier",0.255813953488372,"Salaire"
"14","bandundu","hgr","labo",0.25,"Salaire"
"15","bandundu","hgr","medecin",0.1,"Salaire"
"16","bandundu","hgr","pharmacien",0,"Salaire"
"17","equateur","cs","administrateur",0,"Salaire"
"18","equateur","cs","autre",0.2,"Salaire"
"19","equateur","cs","infirmier",0.23125,"Salaire"
"20","equateur","cs","labo",0,"Salaire"
"21","equateur","cs","medecin",0,"Salaire"
"22","equateur","cs","pharmacien",0.222222222222222,"Salaire"
"23","equateur","ecz","administrateur_gestionnaire",0,"Salaire"
"24","equateur","ecz","autre",0.2,"Salaire"
"25","equateur","ecz","infirmier_superviseur",0.875,"Salaire"
"26","equateur","ecz","medecin_chef_zone",0.142857142857143,"Salaire"
"27","equateur","hgr","administrateur",0,"Salaire"
"28","equateur","hgr","autre",0,"Salaire"
"29","equateur","hgr","infirmier",0.392156862745098,"Salaire"
"30","equateur","hgr","labo",0.25,"Salaire"
"31","equateur","hgr","medecin",0,"Salaire"
"32","katanga","cs","administrateur",0.3,"Salaire"
"33","katanga","cs","autre",0.27027027027027,"Salaire"
"34","katanga","cs","infirmier",0.287292817679558,"Salaire"
"35","katanga","cs","labo",0.464285714285714,"Salaire"
"36","katanga","cs","medecin",0.470588235294118,"Salaire"
"37","katanga","cs","pharmacien",0.4,"Salaire"
"38","katanga","ecz","administrateur_gestionnaire",0,"Salaire"
"39","katanga","ecz","autre",0.333333333333333,"Salaire"
"40","katanga","ecz","infirmier_superviseur",0.25,"Salaire"
"41","katanga","ecz","medecin_chef_zone",0.333333333333333,"Salaire"
"42","katanga","hgr","administrateur",0.75,"Salaire"
"43","katanga","hgr","autre",0.6,"Salaire"
"44","katanga","hgr","infirmier",0.297872340425532,"Salaire"
"45","katanga","hgr","labo",0.714285714285714,"Salaire"
"46","katanga","hgr","medecin",0.434782608695652,"Salaire"
"47","katanga","hgr","pharmacien",0.333333333333333,"Salaire"
"48","sud_kivu","cs","administrateur",0.0833333333333333,"Salaire"
"49","sud_kivu","cs","autre",0,"Salaire"
"50","sud_kivu","cs","infirmier",0.0653266331658292,"Salaire"
"51","sud_kivu","cs","labo",0.04,"Salaire"
"52","sud_kivu","cs","medecin",0,"Salaire"
"53","sud_kivu","cs","pharmacien",0,"Salaire"
"54","sud_kivu","ecz","administrateur_gestionnaire",0.125,"Salaire"
"55","sud_kivu","ecz","autre",0.142857142857143,"Salaire"
"56","sud_kivu","ecz","infirmier_superviseur",0.222222222222222,"Salaire"
"57","sud_kivu","ecz","medecin_chef_zone",0,"Salaire"
"58","sud_kivu","hgr","administrateur",0.142857142857143,"Salaire"
"59","sud_kivu","hgr","autre",0.125,"Salaire"
"60","sud_kivu","hgr","infirmier",0.05,"Salaire"
"61","sud_kivu","hgr","labo",0,"Salaire"
"62","sud_kivu","hgr","medecin",0,"Salaire"
"63","sud_kivu","hgr","pharmacien",0,"Salaire"
"64","bandundu","cs","administrateur",0,"Prime de Risque"
"65","bandundu","cs","autre",0.228260869565217,"Prime de Risque"
"66","bandundu","cs","infirmier",0.439628482972136,"Prime de Risque"
"67","bandundu","cs","labo",0.380952380952381,"Prime de Risque"
"68","bandundu","cs","medecin",0.5,"Prime de Risque"
"69","bandundu","cs","pharmacien",0,"Prime de Risque"
"70","bandundu","ecz","administrateur_gestionnaire",0.846153846153846,"Prime de Risque"
"71","bandundu","ecz","autre",0.8,"Prime de Risque"
"72","bandundu","ecz","infirmier_superviseur",0.8,"Prime de Risque"
"73","bandundu","ecz","medecin_chef_zone",0.75,"Prime de Risque"
"74","bandundu","hgr","administrateur",0.75,"Prime de Risque"
"75","bandundu","hgr","autre",0.666666666666667,"Prime de Risque"
"76","bandundu","hgr","infirmier",0.790697674418605,"Prime de Risque"
"77","bandundu","hgr","labo",0.25,"Prime de Risque"
"78","bandundu","hgr","medecin",0.5,"Prime de Risque"
"79","bandundu","hgr","pharmacien",0.5,"Prime de Risque"
"80","equateur","cs","administrateur",0.25,"Prime de Risque"
"81","equateur","cs","autre",0.3,"Prime de Risque"
"82","equateur","cs","infirmier",0.43125,"Prime de Risque"
"83","equateur","cs","labo",0.125,"Prime de Risque"
"84","equateur","cs","medecin",1,"Prime de Risque"
"85","equateur","cs","pharmacien",0.555555555555556,"Prime de Risque"
"86","equateur","ecz","administrateur_gestionnaire",0.666666666666667,"Prime de Risque"
"87","equateur","ecz","autre",0.8,"Prime de Risque"
"88","equateur","ecz","infirmier_superviseur",1,"Prime de Risque"
"89","equateur","ecz","medecin_chef_zone",1,"Prime de Risque"
"90","equateur","hgr","administrateur",0.375,"Prime de Risque"
"91","equateur","hgr","autre",0.333333333333333,"Prime de Risque"
"92","equateur","hgr","infirmier",0.588235294117647,"Prime de Risque"
"93","equateur","hgr","labo",0.75,"Prime de Risque"
"94","equateur","hgr","medecin",0.727272727272727,"Prime de Risque"
"95","katanga","cs","administrateur",0.2,"Prime de Risque"
"96","katanga","cs","autre",0.216216216216216,"Prime de Risque"
"97","katanga","cs","infirmier",0.364640883977901,"Prime de Risque"
"98","katanga","cs","labo",0.178571428571429,"Prime de Risque"
"99","katanga","cs","medecin",0.411764705882353,"Prime de Risque"
"100","katanga","cs","pharmacien",0.266666666666667,"Prime de Risque"
"101","katanga","ecz","administrateur_gestionnaire",1,"Prime de Risque"
"102","katanga","ecz","autre",1,"Prime de Risque"
"103","katanga","ecz","infirmier_superviseur",1,"Prime de Risque"
"104","katanga","ecz","medecin_chef_zone",1,"Prime de Risque"
"105","katanga","hgr","administrateur",0.5,"Prime de Risque"
"106","katanga","hgr","autre",0.4,"Prime de Risque"
"107","katanga","hgr","infirmier",0.638297872340426,"Prime de Risque"
"108","katanga","hgr","labo",0.285714285714286,"Prime de Risque"
"109","katanga","hgr","medecin",0.695652173913043,"Prime de Risque"
"110","katanga","hgr","pharmacien",0.666666666666667,"Prime de Risque"
"111","sud_kivu","cs","administrateur",0.75,"Prime de Risque"
"112","sud_kivu","cs","autre",0.435897435897436,"Prime de Risque"
"113","sud_kivu","cs","infirmier",0.552763819095477,"Prime de Risque"
"114","sud_kivu","cs","labo",0.56,"Prime de Risque"
"115","sud_kivu","cs","medecin",0.666666666666667,"Prime de Risque"
"116","sud_kivu","cs","pharmacien",0.684210526315789,"Prime de Risque"
"117","sud_kivu","ecz","administrateur_gestionnaire",0.5,"Prime de Risque"
"118","sud_kivu","ecz","autre",0.857142857142857,"Prime de Risque"
"119","sud_kivu","ecz","infirmier_superviseur",1,"Prime de Risque"
"120","sud_kivu","ecz","medecin_chef_zone",1,"Prime de Risque"
"121","sud_kivu","hgr","administrateur",0.857142857142857,"Prime de Risque"
"122","sud_kivu","hgr","autre",0.5,"Prime de Risque"
"123","sud_kivu","hgr","infirmier",0.6,"Prime de Risque"
"124","sud_kivu","hgr","labo",0.666666666666667,"Prime de Risque"
"125","sud_kivu","hgr","medecin",0.785714285714286,"Prime de Risque"
"126","sud_kivu","hgr","pharmacien",0.2,"Prime de Risque"
"127","bandundu","cs","administrateur",0.25,"Prime de Partenaire"
"128","bandundu","cs","autre",0.260869565217391,"Prime de Partenaire"
"129","bandundu","cs","infirmier",0.318885448916409,"Prime de Partenaire"
"130","bandundu","cs","labo",0.238095238095238,"Prime de Partenaire"
"131","bandundu","cs","medecin",0,"Prime de Partenaire"
"132","bandundu","cs","pharmacien",0.166666666666667,"Prime de Partenaire"
"133","bandundu","ecz","administrateur_gestionnaire",0.230769230769231,"Prime de Partenaire"
"134","bandundu","ecz","autre",0.2,"Prime de Partenaire"
"135","bandundu","ecz","infirmier_superviseur",0.533333333333333,"Prime de Partenaire"
"136","bandundu","ecz","medecin_chef_zone",0.5,"Prime de Partenaire"
"137","bandundu","hgr","administrateur",0.125,"Prime de Partenaire"
"138","bandundu","hgr","autre",0.25,"Prime de Partenaire"
"139","bandundu","hgr","infirmier",0.13953488372093,"Prime de Partenaire"
"140","bandundu","hgr","labo",0.25,"Prime de Partenaire"
"141","bandundu","hgr","medecin",0.1,"Prime de Partenaire"
"142","bandundu","hgr","pharmacien",0,"Prime de Partenaire"
"143","equateur","cs","administrateur",0.75,"Prime de Partenaire"
"144","equateur","cs","autre",0.2,"Prime de Partenaire"
"145","equateur","cs","infirmier",0.58125,"Prime de Partenaire"
"146","equateur","cs","labo",0.5,"Prime de Partenaire"
"147","equateur","cs","medecin",0.8,"Prime de Partenaire"
"148","equateur","cs","pharmacien",0.333333333333333,"Prime de Partenaire"
"149","equateur","ecz","administrateur_gestionnaire",1,"Prime de Partenaire"
"150","equateur","ecz","autre",1,"Prime de Partenaire"
"151","equateur","ecz","infirmier_superviseur",1,"Prime de Partenaire"
"152","equateur","ecz","medecin_chef_zone",0.857142857142857,"Prime de Partenaire"
"153","equateur","hgr","administrateur",0.75,"Prime de Partenaire"
"154","equateur","hgr","autre",1,"Prime de Partenaire"
"155","equateur","hgr","infirmier",0.901960784313726,"Prime de Partenaire"
"156","equateur","hgr","labo",0.75,"Prime de Partenaire"
"157","equateur","hgr","medecin",0.727272727272727,"Prime de Partenaire"
"158","katanga","cs","administrateur",0.1,"Prime de Partenaire"
"159","katanga","cs","autre",0.162162162162162,"Prime de Partenaire"
"160","katanga","cs","infirmier",0.220994475138122,"Prime de Partenaire"
"161","katanga","cs","labo",0.214285714285714,"Prime de Partenaire"
"162","katanga","cs","medecin",0.176470588235294,"Prime de Partenaire"
"163","katanga","cs","pharmacien",0.133333333333333,"Prime de Partenaire"
"164","katanga","ecz","administrateur_gestionnaire",0.4,"Prime de Partenaire"
"165","katanga","ecz","autre",0.333333333333333,"Prime de Partenaire"
"166","katanga","ecz","infirmier_superviseur",0.875,"Prime de Partenaire"
"167","katanga","ecz","medecin_chef_zone",0.333333333333333,"Prime de Partenaire"
"168","katanga","hgr","administrateur",0,"Prime de Partenaire"
"169","katanga","hgr","autre",0.2,"Prime de Partenaire"
"170","katanga","hgr","infirmier",0.0851063829787234,"Prime de Partenaire"
"171","katanga","hgr","labo",0.571428571428571,"Prime de Partenaire"
"172","katanga","hgr","medecin",0.0434782608695652,"Prime de Partenaire"
"173","katanga","hgr","pharmacien",0,"Prime de Partenaire"
"174","sud_kivu","cs","administrateur",0.416666666666667,"Prime de Partenaire"
"175","sud_kivu","cs","autre",0.512820512820513,"Prime de Partenaire"
"176","sud_kivu","cs","infirmier",0.547738693467337,"Prime de Partenaire"
"177","sud_kivu","cs","labo",0.64,"Prime de Partenaire"
"178","sud_kivu","cs","medecin",0.666666666666667,"Prime de Partenaire"
"179","sud_kivu","cs","pharmacien",0.526315789473684,"Prime de Partenaire"
"180","sud_kivu","ecz","administrateur_gestionnaire",0.625,"Prime de Partenaire"
"181","sud_kivu","ecz","autre",0.571428571428571,"Prime de Partenaire"
"182","sud_kivu","ecz","infirmier_superviseur",0.777777777777778,"Prime de Partenaire"
"183","sud_kivu","ecz","medecin_chef_zone",0.8,"Prime de Partenaire"
"184","sud_kivu","hgr","administrateur",0.428571428571429,"Prime de Partenaire"
"185","sud_kivu","hgr","autre",0.5,"Prime de Partenaire"
"186","sud_kivu","hgr","infirmier",0.666666666666667,"Prime de Partenaire"
"187","sud_kivu","hgr","labo",0.666666666666667,"Prime de Partenaire"
"188","sud_kivu","hgr","medecin",0.642857142857143,"Prime de Partenaire"
"189","sud_kivu","hgr","pharmacien",0.6,"Prime de Partenaire"
"190","bandundu","cs","administrateur",0.5,"Per Diem"
"191","bandundu","cs","autre",0.858695652173913,"Per Diem"
"192","bandundu","cs","infirmier",0.928792569659443,"Per Diem"
"193","bandundu","cs","labo",0.761904761904762,"Per Diem"
"194","bandundu","cs","medecin",0.75,"Per Diem"
"195","bandundu","cs","pharmacien",0.833333333333333,"Per Diem"
"196","bandundu","ecz","administrateur_gestionnaire",0.923076923076923,"Per Diem"
"197","bandundu","ecz","autre",1,"Per Diem"
"198","bandundu","ecz","infirmier_superviseur",1,"Per Diem"
"199","bandundu","ecz","medecin_chef_zone",0.75,"Per Diem"
"200","bandundu","hgr","administrateur",0.625,"Per Diem"
"201","bandundu","hgr","autre",0.333333333333333,"Per Diem"
"202","bandundu","hgr","infirmier",0.302325581395349,"Per Diem"
"203","bandundu","hgr","labo",0.5,"Per Diem"
"204","bandundu","hgr","medecin",0.6,"Per Diem"
"205","bandundu","hgr","pharmacien",0,"Per Diem"
"206","equateur","cs","administrateur",0,"Per Diem"
"207","equateur","cs","autre",0.8,"Per Diem"
"208","equateur","cs","infirmier",0.6625,"Per Diem"
"209","equateur","cs","labo",0.75,"Per Diem"
"210","equateur","cs","medecin",0.4,"Per Diem"
"211","equateur","cs","pharmacien",0.555555555555556,"Per Diem"
"212","equateur","ecz","administrateur_gestionnaire",0.833333333333333,"Per Diem"
"213","equateur","ecz","autre",1,"Per Diem"
"214","equateur","ecz","infirmier_superviseur",0.875,"Per Diem"
"215","equateur","ecz","medecin_chef_zone",1,"Per Diem"
"216","equateur","hgr","administrateur",0.25,"Per Diem"
"217","equateur","hgr","autre",0.333333333333333,"Per Diem"
"218","equateur","hgr","infirmier",0.294117647058824,"Per Diem"
"219","equateur","hgr","labo",0.25,"Per Diem"
"220","equateur","hgr","medecin",0.363636363636364,"Per Diem"
"221","katanga","cs","administrateur",0.2,"Per Diem"
"222","katanga","cs","autre",0.162162162162162,"Per Diem"
"223","katanga","cs","infirmier",0.519337016574586,"Per Diem"
"224","katanga","cs","labo",0.392857142857143,"Per Diem"
"225","katanga","cs","medecin",0.529411764705882,"Per Diem"
"226","katanga","cs","pharmacien",0.2,"Per Diem"
"227","katanga","ecz","administrateur_gestionnaire",1,"Per Diem"
"228","katanga","ecz","autre",1,"Per Diem"
"229","katanga","ecz","infirmier_superviseur",1,"Per Diem"
"230","katanga","ecz","medecin_chef_zone",1,"Per Diem"
"231","katanga","hgr","administrateur",0.5,"Per Diem"
"232","katanga","hgr","autre",0.2,"Per Diem"
"233","katanga","hgr","infirmier",0.404255319148936,"Per Diem"
"234","katanga","hgr","labo",0.428571428571429,"Per Diem"
"235","katanga","hgr","medecin",0.347826086956522,"Per Diem"
"236","katanga","hgr","pharmacien",0.5,"Per Diem"
"237","sud_kivu","cs","administrateur",0.333333333333333,"Per Diem"
"238","sud_kivu","cs","autre",0.564102564102564,"Per Diem"
"239","sud_kivu","cs","infirmier",0.673366834170854,"Per Diem"
"240","sud_kivu","cs","labo",0.52,"Per Diem"
"241","sud_kivu","cs","medecin",0.666666666666667,"Per Diem"
"242","sud_kivu","cs","pharmacien",0.631578947368421,"Per Diem"
"243","sud_kivu","ecz","administrateur_gestionnaire",0.75,"Per Diem"
"244","sud_kivu","ecz","autre",0.857142857142857,"Per Diem"
"245","sud_kivu","ecz","infirmier_superviseur",0.888888888888889,"Per Diem"
"246","sud_kivu","ecz","medecin_chef_zone",0.8,"Per Diem"
"247","sud_kivu","hgr","administrateur",0.428571428571429,"Per Diem"
"248","sud_kivu","hgr","autre",0.125,"Per Diem"
"249","sud_kivu","hgr","infirmier",0.416666666666667,"Per Diem"
"250","sud_kivu","hgr","labo",0.666666666666667,"Per Diem"
"251","sud_kivu","hgr","medecin",0.5,"Per Diem"
"252","sud_kivu","hgr","pharmacien",0,"Per Diem"
"253","bandundu","cs","administrateur",1,"Prime Locale"
"254","bandundu","cs","autre",0.945652173913043,"Prime Locale"
"255","bandundu","cs","infirmier",0.972136222910217,"Prime Locale"
"256","bandundu","cs","labo",0.904761904761905,"Prime Locale"
"257","bandundu","cs","medecin",1,"Prime Locale"
"258","bandundu","cs","pharmacien",1,"Prime Locale"
"259","bandundu","ecz","administrateur_gestionnaire",1,"Prime Locale"
"260","bandundu","ecz","autre",1,"Prime Locale"
"261","bandundu","ecz","infirmier_superviseur",1,"Prime Locale"
"262","bandundu","ecz","medecin_chef_zone",0.75,"Prime Locale"
"263","bandundu","hgr","administrateur",1,"Prime Locale"
"264","bandundu","hgr","autre",1,"Prime Locale"
"265","bandundu","hgr","infirmier",0.976744186046512,"Prime Locale"
"266","bandundu","hgr","labo",1,"Prime Locale"
"267","bandundu","hgr","medecin",0.9,"Prime Locale"
"268","bandundu","hgr","pharmacien",1,"Prime Locale"
"269","equateur","cs","administrateur",0.75,"Prime Locale"
"270","equateur","cs","autre",0.8,"Prime Locale"
"271","equateur","cs","infirmier",0.90625,"Prime Locale"
"272","equateur","cs","labo",0.875,"Prime Locale"
"273","equateur","cs","medecin",1,"Prime Locale"
"274","equateur","cs","pharmacien",0.888888888888889,"Prime Locale"
"275","equateur","ecz","administrateur_gestionnaire",0.333333333333333,"Prime Locale"
"276","equateur","ecz","autre",0.6,"Prime Locale"
"277","equateur","ecz","infirmier_superviseur",0.75,"Prime Locale"
"278","equateur","ecz","medecin_chef_zone",0.714285714285714,"Prime Locale"
"279","equateur","hgr","administrateur",1,"Prime Locale"
"280","equateur","hgr","autre",1,"Prime Locale"
"281","equateur","hgr","infirmier",1,"Prime Locale"
"282","equateur","hgr","labo",1,"Prime Locale"
"283","equateur","hgr","medecin",1,"Prime Locale"
"284","katanga","cs","administrateur",0.7,"Prime Locale"
"285","katanga","cs","autre",0.810810810810811,"Prime Locale"
"286","katanga","cs","infirmier",0.74585635359116,"Prime Locale"
"287","katanga","cs","labo",0.642857142857143,"Prime Locale"
"288","katanga","cs","medecin",0.705882352941177,"Prime Locale"
"289","katanga","cs","pharmacien",0.6,"Prime Locale"
"290","katanga","ecz","administrateur_gestionnaire",1,"Prime Locale"
"291","katanga","ecz","autre",1,"Prime Locale"
"292","katanga","ecz","infirmier_superviseur",0.875,"Prime Locale"
"293","katanga","ecz","medecin_chef_zone",0.833333333333333,"Prime Locale"
"294","katanga","hgr","administrateur",0.75,"Prime Locale"
"295","katanga","hgr","autre",0.6,"Prime Locale"
"296","katanga","hgr","infirmier",0.893617021276596,"Prime Locale"
"297","katanga","hgr","labo",0.571428571428571,"Prime Locale"
"298","katanga","hgr","medecin",0.739130434782609,"Prime Locale"
"299","katanga","hgr","pharmacien",0.666666666666667,"Prime Locale"
"300","sud_kivu","cs","administrateur",0.916666666666667,"Prime Locale"
"301","sud_kivu","cs","autre",0.974358974358974,"Prime Locale"
"302","sud_kivu","cs","infirmier",0.944723618090452,"Prime Locale"
"303","sud_kivu","cs","labo",0.92,"Prime Locale"
"304","sud_kivu","cs","medecin",1,"Prime Locale"
"305","sud_kivu","cs","pharmacien",1,"Prime Locale"
"306","sud_kivu","ecz","administrateur_gestionnaire",0.375,"Prime Locale"
"307","sud_kivu","ecz","autre",0.142857142857143,"Prime Locale"
"308","sud_kivu","ecz","infirmier_superviseur",0.222222222222222,"Prime Locale"
"309","sud_kivu","ecz","medecin_chef_zone",0.8,"Prime Locale"
"310","sud_kivu","hgr","administrateur",1,"Prime Locale"
"311","sud_kivu","hgr","autre",1,"Prime Locale"
"312","sud_kivu","hgr","infirmier",1,"Prime Locale"
"313","sud_kivu","hgr","labo",1,"Prime Locale"
"314","sud_kivu","hgr","medecin",1,"Prime Locale"
"315","sud_kivu","hgr","pharmacien",1,"Prime Locale"
"316","bandundu","cs","administrateur",0,"Heures supplémentaires"
"317","bandundu","cs","autre",0,"Heures supplémentaires"
"318","bandundu","cs","infirmier",0,"Heures supplémentaires"
"319","bandundu","cs","labo",0,"Heures supplémentaires"
"320","bandundu","cs","medecin",0.25,"Heures supplémentaires"
"321","bandundu","cs","pharmacien",0,"Heures supplémentaires"
"322","bandundu","ecz","administrateur_gestionnaire",0,"Heures supplémentaires"
"323","bandundu","ecz","autre",0,"Heures supplémentaires"
"324","bandundu","ecz","infirmier_superviseur",0,"Heures supplémentaires"
"325","bandundu","ecz","medecin_chef_zone",0,"Heures supplémentaires"
"326","bandundu","hgr","administrateur",0,"Heures supplémentaires"
"327","bandundu","hgr","autre",0,"Heures supplémentaires"
"328","bandundu","hgr","infirmier",0.0232558139534884,"Heures supplémentaires"
"329","bandundu","hgr","labo",0,"Heures supplémentaires"
"330","bandundu","hgr","medecin",0.1,"Heures supplémentaires"
"331","bandundu","hgr","pharmacien",0,"Heures supplémentaires"
"332","equateur","cs","administrateur",0,"Heures supplémentaires"
"333","equateur","cs","autre",0,"Heures supplémentaires"
"334","equateur","cs","infirmier",0.01875,"Heures supplémentaires"
"335","equateur","cs","labo",0,"Heures supplémentaires"
"336","equateur","cs","medecin",0,"Heures supplémentaires"
"337","equateur","cs","pharmacien",0,"Heures supplémentaires"
"338","equateur","ecz","administrateur_gestionnaire",0,"Heures supplémentaires"
"339","equateur","ecz","autre",0,"Heures supplémentaires"
"340","equateur","ecz","infirmier_superviseur",0,"Heures supplémentaires"
"341","equateur","ecz","medecin_chef_zone",0,"Heures supplémentaires"
"342","equateur","hgr","administrateur",0,"Heures supplémentaires"
"343","equateur","hgr","autre",0,"Heures supplémentaires"
"344","equateur","hgr","infirmier",0.0196078431372549,"Heures supplémentaires"
"345","equateur","hgr","labo",0.25,"Heures supplémentaires"
"346","equateur","hgr","medecin",0.181818181818182,"Heures supplémentaires"
"347","katanga","cs","administrateur",0.1,"Heures supplémentaires"
"348","katanga","cs","autre",0.027027027027027,"Heures supplémentaires"
"349","katanga","cs","infirmier",0.0165745856353591,"Heures supplémentaires"
"350","katanga","cs","labo",0,"Heures supplémentaires"
"351","katanga","cs","medecin",0,"Heures supplémentaires"
"352","katanga","cs","pharmacien",0.133333333333333,"Heures supplémentaires"
"353","katanga","ecz","administrateur_gestionnaire",0,"Heures supplémentaires"
"354","katanga","ecz","autre",0,"Heures supplémentaires"
"355","katanga","ecz","infirmier_superviseur",0,"Heures supplémentaires"
"356","katanga","ecz","medecin_chef_zone",0,"Heures supplémentaires"
"357","katanga","hgr","administrateur",0.25,"Heures supplémentaires"
"358","katanga","hgr","autre",0,"Heures supplémentaires"
"359","katanga","hgr","infirmier",0.0212765957446809,"Heures supplémentaires"
"360","katanga","hgr","labo",0.285714285714286,"Heures supplémentaires"
"361","katanga","hgr","medecin",0.173913043478261,"Heures supplémentaires"
"362","katanga","hgr","pharmacien",0,"Heures supplémentaires"
"363","sud_kivu","cs","administrateur",0,"Heures supplémentaires"
"364","sud_kivu","cs","autre",0,"Heures supplémentaires"
"365","sud_kivu","cs","infirmier",0.14070351758794,"Heures supplémentaires"
"366","sud_kivu","cs","labo",0.08,"Heures supplémentaires"
"367","sud_kivu","cs","medecin",0,"Heures supplémentaires"
"368","sud_kivu","cs","pharmacien",0,"Heures supplémentaires"
"369","sud_kivu","ecz","administrateur_gestionnaire",0,"Heures supplémentaires"
"370","sud_kivu","ecz","autre",0,"Heures supplémentaires"
"371","sud_kivu","ecz","infirmier_superviseur",0,"Heures supplémentaires"
"372","sud_kivu","ecz","medecin_chef_zone",0.2,"Heures supplémentaires"
"373","sud_kivu","hgr","administrateur",0.142857142857143,"Heures supplémentaires"
"374","sud_kivu","hgr","autre",0.375,"Heures supplémentaires"
"375","sud_kivu","hgr","infirmier",0.433333333333333,"Heures supplémentaires"
"376","sud_kivu","hgr","labo",0.666666666666667,"Heures supplémentaires"
"377","sud_kivu","hgr","medecin",0.571428571428571,"Heures supplémentaires"
"378","sud_kivu","hgr","pharmacien",0.2,"Heures supplémentaires"
"379","bandundu","cs","administrateur",0,"Activité  Privée"
"380","bandundu","cs","autre",0.0217391304347826,"Activité  Privée"
"381","bandundu","cs","infirmier",0.0495356037151703,"Activité  Privée"
"382","bandundu","cs","labo",0.0476190476190476,"Activité  Privée"
"383","bandundu","cs","medecin",0.25,"Activité  Privée"
"384","bandundu","cs","pharmacien",0,"Activité  Privée"
"385","bandundu","ecz","administrateur_gestionnaire",0.0769230769230769,"Activité  Privée"
"386","bandundu","ecz","autre",0,"Activité  Privée"
"387","bandundu","ecz","infirmier_superviseur",0.2,"Activité  Privée"
"388","bandundu","ecz","medecin_chef_zone",0,"Activité  Privée"
"389","bandundu","hgr","administrateur",0,"Activité  Privée"
"390","bandundu","hgr","autre",0,"Activité  Privée"
"391","bandundu","hgr","infirmier",0.0232558139534884,"Activité  Privée"
"392","bandundu","hgr","labo",0,"Activité  Privée"
"393","bandundu","hgr","medecin",0.3,"Activité  Privée"
"394","bandundu","hgr","pharmacien",0,"Activité  Privée"
"395","equateur","cs","administrateur",0,"Activité  Privée"
"396","equateur","cs","autre",0,"Activité  Privée"
"397","equateur","cs","infirmier",0.09375,"Activité  Privée"
"398","equateur","cs","labo",0.125,"Activité  Privée"
"399","equateur","cs","medecin",0.2,"Activité  Privée"
"400","equateur","cs","pharmacien",0,"Activité  Privée"
"401","equateur","ecz","administrateur_gestionnaire",0,"Activité  Privée"
"402","equateur","ecz","autre",0,"Activité  Privée"
"403","equateur","ecz","infirmier_superviseur",0,"Activité  Privée"
"404","equateur","ecz","medecin_chef_zone",0.142857142857143,"Activité  Privée"
"405","equateur","hgr","administrateur",0,"Activité  Privée"
"406","equateur","hgr","autre",0.666666666666667,"Activité  Privée"
"407","equateur","hgr","infirmier",0.0784313725490196,"Activité  Privée"
"408","equateur","hgr","labo",0.25,"Activité  Privée"
"409","equateur","hgr","medecin",0.0909090909090909,"Activité  Privée"
"410","katanga","cs","administrateur",0.3,"Activité  Privée"
"411","katanga","cs","autre",0.108108108108108,"Activité  Privée"
"412","katanga","cs","infirmier",0.259668508287293,"Activité  Privée"
"413","katanga","cs","labo",0.142857142857143,"Activité  Privée"
"414","katanga","cs","medecin",0.352941176470588,"Activité  Privée"
"415","katanga","cs","pharmacien",0.2,"Activité  Privée"
"416","katanga","ecz","administrateur_gestionnaire",0,"Activité  Privée"
"417","katanga","ecz","autre",0,"Activité  Privée"
"418","katanga","ecz","infirmier_superviseur",0,"Activité  Privée"
"419","katanga","ecz","medecin_chef_zone",0.166666666666667,"Activité  Privée"
"420","katanga","hgr","administrateur",0,"Activité  Privée"
"421","katanga","hgr","autre",0.2,"Activité  Privée"
"422","katanga","hgr","infirmier",0.170212765957447,"Activité  Privée"
"423","katanga","hgr","labo",0,"Activité  Privée"
"424","katanga","hgr","medecin",0.217391304347826,"Activité  Privée"
"425","katanga","hgr","pharmacien",0,"Activité  Privée"
"426","sud_kivu","cs","administrateur",0,"Activité  Privée"
"427","sud_kivu","cs","autre",0.0512820512820513,"Activité  Privée"
"428","sud_kivu","cs","infirmier",0.0452261306532663,"Activité  Privée"
"429","sud_kivu","cs","labo",0.04,"Activité  Privée"
"430","sud_kivu","cs","medecin",0.333333333333333,"Activité  Privée"
"431","sud_kivu","cs","pharmacien",0,"Activité  Privée"
"432","sud_kivu","ecz","administrateur_gestionnaire",0,"Activité  Privée"
"433","sud_kivu","ecz","autre",0,"Activité  Privée"
"434","sud_kivu","ecz","infirmier_superviseur",0,"Activité  Privée"
"435","sud_kivu","ecz","medecin_chef_zone",0,"Activité  Privée"
"436","sud_kivu","hgr","administrateur",0,"Activité  Privée"
"437","sud_kivu","hgr","autre",0,"Activité  Privée"
"438","sud_kivu","hgr","infirmier",0.0333333333333333,"Activité  Privée"
"439","sud_kivu","hgr","labo",0.166666666666667,"Activité  Privée"
"440","sud_kivu","hgr","medecin",0.0714285714285714,"Activité  Privée"
"441","sud_kivu","hgr","pharmacien",0,"Activité  Privée"
"442","bandundu","cs","administrateur",0.5,"Activité non santé"
"443","bandundu","cs","autre",0.739130434782609,"Activité non santé"
"444","bandundu","cs","infirmier",0.544891640866873,"Activité non santé"
"445","bandundu","cs","labo",0.333333333333333,"Activité non santé"
"446","bandundu","cs","medecin",0,"Activité non santé"
"447","bandundu","cs","pharmacien",0.333333333333333,"Activité non santé"
"448","bandundu","ecz","administrateur_gestionnaire",0.384615384615385,"Activité non santé"
"449","bandundu","ecz","autre",0.5,"Activité non santé"
"450","bandundu","ecz","infirmier_superviseur",0.666666666666667,"Activité non santé"
"451","bandundu","ecz","medecin_chef_zone",0,"Activité non santé"
"452","bandundu","hgr","administrateur",0.5,"Activité non santé"
"453","bandundu","hgr","autre",0.75,"Activité non santé"
"454","bandundu","hgr","infirmier",0.604651162790698,"Activité non santé"
"455","bandundu","hgr","labo",0.5,"Activité non santé"
"456","bandundu","hgr","medecin",0.3,"Activité non santé"
"457","bandundu","hgr","pharmacien",1,"Activité non santé"
"458","equateur","cs","administrateur",0,"Activité non santé"
"459","equateur","cs","autre",0.5,"Activité non santé"
"460","equateur","cs","infirmier",0.55,"Activité non santé"
"461","equateur","cs","labo",0.375,"Activité non santé"
"462","equateur","cs","medecin",0.2,"Activité non santé"
"463","equateur","cs","pharmacien",0.666666666666667,"Activité non santé"
"464","equateur","ecz","administrateur_gestionnaire",0.5,"Activité non santé"
"465","equateur","ecz","autre",0.6,"Activité non santé"
"466","equateur","ecz","infirmier_superviseur",0.5,"Activité non santé"
"467","equateur","ecz","medecin_chef_zone",0.285714285714286,"Activité non santé"
"468","equateur","hgr","administrateur",0.25,"Activité non santé"
"469","equateur","hgr","autre",0.333333333333333,"Activité non santé"
"470","equateur","hgr","infirmier",0.450980392156863,"Activité non santé"
"471","equateur","hgr","labo",0,"Activité non santé"
"472","equateur","hgr","medecin",0,"Activité non santé"
"473","katanga","cs","administrateur",0.3,"Activité non santé"
"474","katanga","cs","autre",0.324324324324324,"Activité non santé"
"475","katanga","cs","infirmier",0.585635359116022,"Activité non santé"
"476","katanga","cs","labo",0.571428571428571,"Activité non santé"
"477","katanga","cs","medecin",0.411764705882353,"Activité non santé"
"478","katanga","cs","pharmacien",0.666666666666667,"Activité non santé"
"479","katanga","ecz","administrateur_gestionnaire",0.8,"Activité non santé"
"480","katanga","ecz","autre",0.666666666666667,"Activité non santé"
"481","katanga","ecz","infirmier_superviseur",0.875,"Activité non santé"
"482","katanga","ecz","medecin_chef_zone",0.5,"Activité non santé"
"483","katanga","hgr","administrateur",0.75,"Activité non santé"
"484","katanga","hgr","autre",0.2,"Activité non santé"
"485","katanga","hgr","infirmier",0.595744680851064,"Activité non santé"
"486","katanga","hgr","labo",0.142857142857143,"Activité non santé"
"487","katanga","hgr","medecin",0.478260869565217,"Activité non santé"
"488","katanga","hgr","pharmacien",0,"Activité non santé"
"489","sud_kivu","cs","administrateur",0.333333333333333,"Activité non santé"
"490","sud_kivu","cs","autre",0.333333333333333,"Activité non santé"
"491","sud_kivu","cs","infirmier",0.296482412060302,"Activité non santé"
"492","sud_kivu","cs","labo",0.44,"Activité non santé"
"493","sud_kivu","cs","medecin",0,"Activité non santé"
"494","sud_kivu","cs","pharmacien",0.421052631578947,"Activité non santé"
"495","sud_kivu","ecz","administrateur_gestionnaire",0.375,"Activité non santé"
"496","sud_kivu","ecz","autre",0.142857142857143,"Activité non santé"
"497","sud_kivu","ecz","infirmier_superviseur",0,"Activité non santé"
"498","sud_kivu","ecz","medecin_chef_zone",0.6,"Activité non santé"
"499","sud_kivu","hgr","administrateur",0.142857142857143,"Activité non santé"
"500","sud_kivu","hgr","autre",0.375,"Activité non santé"
"501","sud_kivu","hgr","infirmier",0.283333333333333,"Activité non santé"
"502","sud_kivu","hgr","labo",0,"Activité non santé"
"503","sud_kivu","hgr","medecin",0.357142857142857,"Activité non santé"
"504","sud_kivu","hgr","pharmacien",0.2,"Activité non santé"
"505","bandundu","cs","administrateur",0.125,"Informel"
"506","bandundu","cs","autre",0.630434782608696,"Informel"
"507","bandundu","cs","infirmier",0.743034055727554,"Informel"
"508","bandundu","cs","labo",0.714285714285714,"Informel"
"509","bandundu","cs","medecin",0.75,"Informel"
"510","bandundu","cs","pharmacien",0.5,"Informel"
"511","bandundu","ecz","administrateur_gestionnaire",0.461538461538462,"Informel"
"512","bandundu","ecz","autre",0.6,"Informel"
"513","bandundu","ecz","infirmier_superviseur",0.6,"Informel"
"514","bandundu","ecz","medecin_chef_zone",0.5,"Informel"
"515","bandundu","hgr","administrateur",0.75,"Informel"
"516","bandundu","hgr","autre",0.416666666666667,"Informel"
"517","bandundu","hgr","infirmier",0.767441860465116,"Informel"
"518","bandundu","hgr","labo",1,"Informel"
"519","bandundu","hgr","medecin",0.3,"Informel"
"520","bandundu","hgr","pharmacien",1,"Informel"
"521","equateur","cs","administrateur",0.25,"Informel"
"522","equateur","cs","autre",0,"Informel"
"523","equateur","cs","infirmier",0.26875,"Informel"
"524","equateur","cs","labo",0.25,"Informel"
"525","equateur","cs","medecin",0.4,"Informel"
"526","equateur","cs","pharmacien",0.222222222222222,"Informel"
"527","equateur","ecz","administrateur_gestionnaire",0.166666666666667,"Informel"
"528","equateur","ecz","autre",0.2,"Informel"
"529","equateur","ecz","infirmier_superviseur",0,"Informel"
"530","equateur","ecz","medecin_chef_zone",0.285714285714286,"Informel"
"531","equateur","hgr","administrateur",0.125,"Informel"
"532","equateur","hgr","autre",1,"Informel"
"533","equateur","hgr","infirmier",0.431372549019608,"Informel"
"534","equateur","hgr","labo",0.25,"Informel"
"535","equateur","hgr","medecin",0.272727272727273,"Informel"
"536","katanga","cs","administrateur",0.4,"Informel"
"537","katanga","cs","autre",0.135135135135135,"Informel"
"538","katanga","cs","infirmier",0.298342541436464,"Informel"
"539","katanga","cs","labo",0.214285714285714,"Informel"
"540","katanga","cs","medecin",0.117647058823529,"Informel"
"541","katanga","cs","pharmacien",0.133333333333333,"Informel"
"542","katanga","ecz","administrateur_gestionnaire",0,"Informel"
"543","katanga","ecz","autre",0,"Informel"
"544","katanga","ecz","infirmier_superviseur",0,"Informel"
"545","katanga","ecz","medecin_chef_zone",0,"Informel"
"546","katanga","hgr","administrateur",0,"Informel"
"547","katanga","hgr","autre",0.6,"Informel"
"548","katanga","hgr","infirmier",0.340425531914894,"Informel"
"549","katanga","hgr","labo",0.428571428571429,"Informel"
"550","katanga","hgr","medecin",0.217391304347826,"Informel"
"551","katanga","hgr","pharmacien",0.333333333333333,"Informel"
"552","sud_kivu","cs","administrateur",0.416666666666667,"Informel"
"553","sud_kivu","cs","autre",0.205128205128205,"Informel"
"554","sud_kivu","cs","infirmier",0.547738693467337,"Informel"
"555","sud_kivu","cs","labo",0.4,"Informel"
"556","sud_kivu","cs","medecin",0.666666666666667,"Informel"
"557","sud_kivu","cs","pharmacien",0.263157894736842,"Informel"
"558","sud_kivu","ecz","administrateur_gestionnaire",0.125,"Informel"
"559","sud_kivu","ecz","autre",0,"Informel"
"560","sud_kivu","ecz","infirmier_superviseur",0.111111111111111,"Informel"
"561","sud_kivu","ecz","medecin_chef_zone",0.4,"Informel"
"562","sud_kivu","hgr","administrateur",0.142857142857143,"Informel"
"563","sud_kivu","hgr","autre",0.375,"Informel"
"564","sud_kivu","hgr","infirmier",0.416666666666667,"Informel"
"565","sud_kivu","hgr","labo",0.5,"Informel"
"566","sud_kivu","hgr","medecin",0.357142857142857,"Informel"
"567","sud_kivu","hgr","pharmacien",0.2,"Informel"
